<?xml version="1.0" ?> 	<dpinst>		<suppressAddRemovePrograms/>		<search> 		  <subDirectory>*</subDirectory> 		</search>		<language code="0x0409"> 			<dpinstTitle>Kindle Fire Driver Installer</dpinstTitle> 			<welcomeTitle>Welcome to the Kindle Fire Driver Installer!</welcomeTitle> 			<welcomeIntro>This wizard will walk you through updating the drivers for your Kindle Fire.</welcomeIntro> 			<installHeaderTitle>Installing the software for your Kindle...</installHeaderTitle> 			<finishTitle>Congratulations! You finished installing your Kindle Fire drivers.</finishTitle> 		</language>		<forceIfDriverIsNotBetter/>		</dpinst>